date,sp500,oil_usd,silver_usd,usd_inr,interest_rate,inflation,gold_usd
2015-01-04,2077.42,57.52,15.27,61.48,7.58,5.14,1112.33
2015-01-11,1960.85,64.31,16.41,61.09,7.72,5.7,1153.04
2015-01-18,2126.44,47.93,14.5,63.37,7.68,4.42,1082.26
2015-01-25,2148.0,52.51,17.63,62.74,7.78,5.48,1244.1
2015-02-01,1892.21,56.04,15.91,62.74,7.49,5.04,1115.6
2015-02-08,1955.06,68.62,16.4,63.42,7.56,5.36,1138.75
2015-02-15,2088.21,63.39,18.66,65.02,7.61,4.55,1280.28
2015-02-22,2052.69,66.46,17.78,60.53,7.51,5.69,1217.42
2015-03-01,2084.09,57.57,15.8,61.54,7.37,5.51,1189.32
2015-03-08,2013.28,58.31,15.5,61.7,7.39,5.27,1083.6
2015-03-15,2173.65,66.78,15.81,61.5,7.26,5.55,1229.81
2015-03-22,2168.96,65.46,16.74,61.3,7.57,5.11,1133.96
2015-03-29,2109.35,68.53,16.08,62.12,7.44,5.22,1207.77
2015-04-05,2209.31,65.46,15.78,61.24,7.29,5.3,1199.06
2015-04-12,2154.38,68.39,17.85,62.82,7.29,4.85,1236.84
2015-04-19,2039.42,68.38,16.12,62.57,7.15,5.84,1143.92
2015-04-26,2154.4,72.06,18.8,63.04,7.69,5.99,1257.42
2015-05-03,2039.36,72.77,16.38,63.1,7.46,5.36,1139.45
2015-05-10,2209.17,61.19,18.26,63.23,7.22,5.76,1277.32
2015-05-17,2130.07,58.6,16.71,62.29,7.64,5.58,1191.0
2015-05-24,2122.37,75.38,17.39,64.82,7.29,5.81,1148.33
2015-05-31,2082.18,76.82,15.55,62.96,7.08,5.5,1180.38
2015-06-07,2257.94,66.28,15.43,60.9,7.68,5.43,1141.52
2015-06-14,2138.46,62.58,16.89,61.8,7.29,6.13,1200.63
2015-06-21,2118.27,72.84,17.49,61.09,7.32,5.75,1178.16
2015-06-28,2129.57,77.46,16.46,62.89,7.43,6.49,1196.25
2015-07-05,2213.62,82.23,15.02,62.78,7.7,5.81,1083.26
2015-07-12,2203.06,76.25,14.95,62.47,7.41,5.47,1044.32
2015-07-19,2211.76,72.21,14.9,64.98,7.11,6.23,1190.35
2015-07-26,2217.84,69.99,14.54,63.56,7.54,6.02,1159.56
2015-08-02,2376.27,74.89,16.62,63.77,7.28,6.05,1218.23
2015-08-09,2151.39,73.68,17.75,62.15,7.87,6.21,1168.27
2015-08-16,2146.32,70.44,16.52,62.11,7.39,5.55,1180.02
2015-08-23,2123.63,86.07,14.06,63.18,6.83,5.72,1043.66
2015-08-30,2256.76,85.04,16.36,63.36,7.48,5.69,1128.13
2015-09-06,2307.38,82.07,16.41,61.36,7.87,5.28,1115.22
2015-09-13,2199.97,72.04,18.91,63.07,7.77,5.62,1279.9
2015-09-20,2139.06,81.15,15.01,63.3,7.83,6.15,1102.13
2015-09-27,2144.92,80.28,16.2,63.11,7.12,5.74,1150.96
2015-10-04,2282.13,79.48,18.53,62.54,7.6,5.16,1292.83
2015-10-11,2294.92,83.69,17.16,62.85,7.19,5.05,1200.29
2015-10-18,2281.36,80.76,17.3,63.25,7.42,6.14,1228.22
2015-10-25,2177.03,81.41,16.83,63.55,7.04,5.49,1174.74
2015-11-01,2262.27,81.0,17.08,64.1,7.2,5.26,1179.75
2015-11-08,2256.33,79.6,17.59,64.61,7.18,5.35,1148.21
2015-11-15,2269.96,69.03,15.86,63.27,7.57,4.88,1196.22
2015-11-22,2333.16,78.4,17.73,63.14,7.55,5.85,1245.26
2015-11-29,2279.3,75.22,15.27,64.07,7.41,5.17,1143.43
2015-12-06,2324.73,71.59,17.16,64.28,7.0,5.74,1243.64
2015-12-13,2274.16,86.37,17.01,63.27,7.26,5.23,1205.61
2015-12-20,2298.55,86.55,16.16,64.53,7.15,5.66,1123.76
2015-12-27,2333.8,84.63,16.83,64.75,7.55,5.19,1165.21
2016-01-03,2150.29,79.01,16.18,65.1,7.62,5.35,1119.55
2016-01-10,2257.11,84.37,15.71,65.62,7.59,5.25,1210.81
2016-01-17,2248.0,77.54,16.51,63.01,7.13,5.16,1211.06
2016-01-24,2237.29,78.33,15.7,63.93,6.63,5.01,1094.72
2016-01-31,2274.47,71.66,17.29,63.96,6.87,4.75,1173.33
2016-02-07,2438.23,78.91,15.69,63.88,7.67,5.45,1165.77
2016-02-14,2230.21,77.0,17.75,63.37,7.21,4.4,1184.84
2016-02-21,2399.73,69.94,15.69,62.57,7.12,4.67,1128.92
2016-02-28,2165.58,75.93,16.38,64.18,7.71,4.61,1215.93
2016-03-06,2291.35,75.5,16.33,63.35,7.61,4.7,1172.13
2016-03-13,2340.59,84.58,18.49,64.24,7.3,4.35,1240.69
2016-03-20,2383.15,79.74,17.41,63.4,7.22,4.56,1182.69
2016-03-27,2398.85,74.98,16.84,63.13,7.25,4.34,1218.06
2016-04-03,2410.69,75.8,17.63,64.49,7.34,3.79,1199.28
2016-04-10,2312.36,74.39,14.78,64.45,7.68,4.3,1105.43
2016-04-17,2306.58,72.75,17.07,64.91,7.38,3.87,1213.75
2016-04-24,2429.86,67.94,19.33,66.55,7.45,3.6,1234.3
2016-05-01,2339.88,72.16,17.3,64.68,7.56,4.21,1260.6
2016-05-08,2246.73,68.73,17.24,64.92,6.97,4.29,1227.83
2016-05-15,2264.0,65.74,17.79,63.39,7.45,4.27,1264.35
2016-05-22,2287.69,74.07,18.19,63.22,7.19,4.24,1186.31
2016-05-29,2419.64,72.97,15.02,66.12,6.63,3.33,1130.99
2016-06-05,2392.16,61.56,15.38,63.65,6.72,3.5,1136.94
2016-06-12,2445.94,69.36,17.48,63.56,7.0,4.64,1257.12
2016-06-19,2349.79,74.41,16.48,64.6,7.38,3.55,1169.03
2016-06-26,2406.97,74.17,18.73,64.59,7.27,4.11,1243.01
2016-07-03,2453.45,73.44,16.96,63.81,7.29,3.63,1159.23
2016-07-10,2373.76,67.93,15.19,64.44,7.72,3.88,1093.83
2016-07-17,2447.16,62.92,15.94,66.01,6.92,3.61,1210.67
2016-07-24,2350.93,61.13,14.33,64.01,7.22,4.02,1122.56
2016-07-31,2382.28,67.66,17.11,63.46,7.3,3.86,1181.06
2016-08-07,2385.05,67.22,17.18,65.83,7.04,3.65,1283.86
2016-08-14,2316.23,71.14,16.94,65.41,7.23,3.43,1189.0
2016-08-21,2472.13,69.57,18.61,64.33,6.82,3.89,1325.4
2016-08-28,2390.51,62.77,18.75,63.41,7.57,3.38,1229.18
2016-09-04,2438.33,56.56,17.26,64.28,7.04,3.96,1265.06
2016-09-11,2484.92,60.54,15.12,65.01,7.71,4.73,1186.2
2016-09-18,2486.29,62.57,18.16,66.26,7.19,4.3,1235.32
2016-09-25,2510.44,59.81,18.11,64.09,7.46,4.09,1322.85
2016-10-02,2446.14,57.27,17.86,65.08,7.18,3.83,1268.13
2016-10-09,2421.36,60.76,18.62,65.87,7.19,3.2,1304.09
2016-10-16,2456.73,56.31,16.27,62.85,7.04,3.44,1179.99
2016-10-23,2316.5,55.02,19.78,66.3,7.22,4.38,1335.79
2016-10-30,2342.57,59.06,16.53,64.12,7.26,3.68,1172.23
2016-11-06,2358.22,54.82,18.43,65.67,6.98,3.74,1337.14
2016-11-13,2391.96,57.39,15.76,65.62,7.14,3.96,1220.18
2016-11-20,2522.14,56.87,16.61,66.49,7.02,3.68,1269.51
2016-11-27,2409.12,49.15,19.32,65.99,7.74,3.67,1363.51
2016-12-04,2461.03,51.78,17.38,63.1,7.14,4.12,1304.81
2016-12-11,2616.44,60.73,18.61,64.73,7.55,3.87,1322.58
2016-12-18,2471.9,47.08,17.96,65.68,7.11,3.96,1260.56
2016-12-25,2574.79,41.66,17.6,65.39,7.22,3.99,1293.51
2017-01-01,2428.84,42.3,19.24,66.09,6.82,4.5,1343.55
2017-01-08,2498.83,51.13,17.49,66.44,7.04,4.28,1330.9
2017-01-15,2436.26,50.52,15.81,66.29,7.2,4.35,1248.34
2017-01-22,2495.7,49.16,16.9,65.51,7.54,4.68,1227.91
2017-01-29,2606.3,55.22,18.41,63.91,7.19,4.47,1311.9
2017-02-05,2379.66,35.19,18.25,65.33,7.48,4.48,1277.78
2017-02-12,2578.67,49.95,16.11,66.24,7.29,4.79,1274.42
2017-02-19,2565.42,55.21,17.06,64.77,7.54,4.92,1219.02
2017-02-26,2495.0,41.2,17.23,66.53,7.11,4.69,1343.34
2017-03-05,2422.78,44.4,17.48,66.84,7.72,4.82,1316.38
2017-03-12,2563.86,42.0,16.39,66.09,7.0,4.58,1370.12
2017-03-19,2514.17,40.77,17.23,62.93,6.92,4.6,1335.26
2017-03-26,2587.21,43.1,17.13,64.76,6.81,5.23,1322.63
2017-04-02,2572.69,51.38,18.8,67.95,7.69,5.17,1392.77
2017-04-09,2719.33,52.96,18.86,65.56,7.31,5.23,1327.03
2017-04-16,2558.08,41.63,17.83,64.15,7.02,5.22,1313.43
2017-04-23,2491.96,52.39,17.57,67.41,7.41,5.19,1331.23
2017-04-30,2604.66,42.61,18.17,66.22,7.27,5.47,1298.67
2017-05-07,2612.78,50.8,17.14,67.35,7.58,5.6,1325.75
2017-05-14,2719.75,41.17,16.79,66.55,6.7,5.64,1336.88
2017-05-21,2677.04,41.92,17.04,66.77,7.02,5.33,1361.68
2017-05-28,2638.45,42.73,17.39,66.71,6.97,5.9,1338.67
2017-06-04,2742.48,56.46,16.82,67.08,6.59,5.54,1364.33
2017-06-11,2508.24,44.51,18.3,68.69,7.34,5.72,1384.67
2017-06-18,2562.1,36.42,18.94,67.42,7.01,5.64,1475.83
2017-06-25,2540.74,44.52,16.41,64.91,7.25,5.66,1302.92
2017-07-02,2593.5,37.61,18.2,66.97,7.66,5.35,1347.7
2017-07-09,2509.13,36.73,17.94,67.7,6.97,5.88,1388.81
2017-07-16,2694.65,43.51,18.58,67.79,6.95,6.66,1396.6
2017-07-23,2621.93,38.93,18.21,66.2,7.09,5.56,1406.97
2017-07-30,2514.01,39.99,16.64,67.82,7.3,5.74,1358.74
2017-08-06,2559.43,38.52,16.86,67.62,6.91,5.58,1447.62
2017-08-13,2683.5,40.0,18.3,69.3,6.89,5.58,1408.89
2017-08-20,2735.17,40.34,19.42,66.01,7.31,6.31,1439.63
2017-08-27,2843.89,28.44,15.87,66.29,7.13,5.55,1347.58
2017-09-03,2930.88,41.4,18.7,66.53,6.52,5.63,1469.17
2017-09-10,2710.38,33.11,19.65,66.38,6.73,5.24,1479.34
2017-09-17,2588.48,30.79,18.18,66.01,7.4,5.53,1391.13
2017-09-24,2490.1,37.71,18.98,64.17,7.13,5.2,1417.15
2017-10-01,2710.53,38.45,17.61,66.54,6.83,6.02,1385.06
2017-10-08,2617.73,34.61,18.27,67.38,6.98,6.77,1476.65
2017-10-15,2657.96,42.3,16.64,66.55,7.02,5.65,1366.89
2017-10-22,2644.7,31.53,15.86,69.01,7.2,5.18,1346.77
2017-10-29,2691.57,36.32,19.49,67.12,6.67,6.07,1466.66
2017-11-05,2804.63,35.56,17.39,68.44,6.8,5.48,1505.29
2017-11-12,2727.28,38.41,17.99,67.44,7.07,6.17,1394.04
2017-11-19,2703.32,40.22,16.98,68.04,6.97,5.59,1389.98
2017-11-26,2628.84,33.98,16.97,67.53,7.14,5.44,1344.82
2017-12-03,2575.77,42.86,18.35,68.65,6.69,5.57,1476.91
2017-12-10,2687.18,39.8,17.75,67.38,7.08,5.86,1431.27
2017-12-17,2730.56,30.29,18.99,67.85,7.26,5.48,1429.36
2017-12-24,2898.96,30.24,19.08,67.76,7.1,5.35,1495.77
2017-12-31,2756.02,40.27,18.96,67.14,7.01,5.42,1444.38
2018-01-07,2837.19,39.55,18.88,67.86,6.95,5.0,1424.45
2018-01-14,2708.26,40.48,20.37,69.73,6.76,5.54,1529.54
2018-01-21,2651.0,41.21,17.48,67.26,6.95,4.73,1376.43
2018-01-28,2675.24,42.86,18.61,67.98,7.28,5.16,1408.98
2018-02-04,2701.28,46.87,19.93,68.86,6.93,5.53,1461.48
2018-02-11,2962.56,36.99,20.09,68.77,6.74,5.32,1536.2
2018-02-18,2701.53,37.12,17.16,67.68,6.83,5.37,1396.38
2018-02-25,2855.37,37.96,18.39,65.32,7.0,5.09,1416.36
2018-03-04,2703.09,45.33,20.25,68.25,6.86,5.46,1450.33
2018-03-11,2872.65,50.59,19.33,65.55,7.07,5.32,1483.05
2018-03-18,2827.9,42.71,19.0,69.28,7.07,5.1,1410.52
2018-03-25,2783.61,32.87,18.56,68.01,7.16,5.22,1454.34
2018-04-01,2798.49,37.38,18.4,68.88,7.29,5.1,1414.98
2018-04-08,2747.68,42.27,19.15,67.01,7.18,4.63,1474.16
2018-04-15,2851.2,44.2,18.58,66.39,6.7,4.25,1374.22
2018-04-22,2774.56,45.51,18.82,68.24,6.7,4.82,1401.74
2018-04-29,2709.65,48.32,18.97,67.98,6.9,4.81,1375.82
2018-05-06,2709.39,47.15,18.16,67.56,6.81,4.94,1401.19
2018-05-13,2844.39,54.55,19.51,68.17,6.63,4.18,1377.6
2018-05-20,2975.43,46.53,22.14,70.89,6.8,4.14,1536.94
2018-05-27,2852.16,46.21,17.0,68.99,6.79,4.56,1300.49
2018-06-03,2831.53,53.54,19.33,69.24,6.74,4.33,1436.87
2018-06-10,2872.39,44.1,18.15,69.07,6.82,3.64,1380.17
2018-06-17,2968.65,54.36,19.64,69.74,7.19,4.39,1391.2
2018-06-24,2875.31,53.57,19.07,68.1,6.95,3.56,1431.84
2018-07-01,2823.03,52.97,19.88,66.27,7.51,3.84,1342.38
2018-07-08,2964.03,62.3,20.35,68.17,6.93,4.6,1477.33
2018-07-15,2907.5,51.9,19.28,69.21,6.81,4.72,1421.16
2018-07-22,3011.58,65.98,20.33,67.46,6.88,3.62,1477.83
2018-07-29,2894.31,55.21,16.53,68.29,6.94,3.9,1348.78
2018-08-05,2772.06,50.62,20.87,67.81,6.98,3.99,1414.2
2018-08-12,2763.58,58.02,19.55,70.04,7.39,4.57,1376.08
2018-08-19,3039.75,52.96,20.34,69.32,6.66,3.75,1497.68
2018-08-26,3050.75,55.24,17.83,69.26,7.08,3.73,1371.56
2018-09-02,2883.91,61.65,18.27,69.26,6.91,4.42,1375.58
2018-09-09,2870.03,63.11,19.36,68.64,6.47,3.72,1449.62
2018-09-16,3040.5,57.88,19.2,68.91,7.05,4.09,1396.73
2018-09-23,2813.79,66.59,19.55,67.56,7.17,3.31,1360.32
2018-09-30,2837.35,68.09,20.45,66.59,6.63,3.75,1437.83
2018-10-07,2980.22,70.13,17.33,68.97,6.84,3.22,1348.18
2018-10-14,2891.26,66.24,20.36,69.17,6.41,3.43,1425.62
2018-10-21,2930.76,71.05,19.31,70.09,6.52,4.09,1401.08
2018-10-28,2920.96,55.46,19.1,70.49,7.1,3.78,1352.97
2018-11-04,2970.51,63.89,17.72,70.52,6.72,3.69,1332.89
2018-11-11,3071.25,61.76,19.91,67.99,6.55,3.55,1448.77
2018-11-18,2957.18,67.3,16.72,68.67,6.88,3.75,1307.27
2018-11-25,3011.43,64.44,20.1,69.54,6.69,3.94,1449.05
2018-12-02,2773.41,67.05,17.76,71.63,6.7,4.2,1397.03
2018-12-09,2957.99,77.87,19.48,70.61,7.0,2.96,1327.32
2018-12-16,2890.94,68.17,19.31,70.28,6.52,3.61,1394.77
2018-12-23,2861.59,71.64,20.74,68.81,6.58,3.98,1438.65
2018-12-30,2896.7,68.94,19.27,68.35,6.84,3.92,1358.66
2019-01-06,2950.11,71.01,18.72,70.06,7.04,4.12,1429.19
2019-01-13,3067.06,71.17,18.95,68.2,7.11,4.11,1415.41
2019-01-20,2869.71,73.88,20.92,69.1,6.63,3.95,1443.95
2019-01-27,2996.29,77.94,20.13,69.26,7.03,3.91,1466.23
2019-02-03,2954.41,80.82,19.13,71.0,6.59,4.04,1338.81
2019-02-10,2972.94,74.58,19.31,69.09,7.24,4.58,1388.67
2019-02-17,3097.13,76.41,17.86,67.04,6.5,3.96,1363.07
2019-02-24,3059.77,68.12,20.03,70.01,7.11,4.24,1406.98
2019-03-03,3136.15,73.83,17.69,68.85,6.61,4.38,1384.23
2019-03-10,3006.33,79.35,20.47,69.62,7.28,4.91,1390.15
2019-03-17,2962.05,79.34,19.8,69.53,6.92,4.31,1424.59
2019-03-24,3008.99,76.41,22.3,69.38,6.51,4.8,1549.43
2019-03-31,3055.41,80.1,18.48,70.47,6.63,4.95,1408.91
2019-04-07,3053.93,78.43,19.59,68.19,6.95,4.55,1336.35
2019-04-14,2944.89,82.26,21.7,69.24,7.02,4.55,1417.35
2019-04-21,3055.08,77.97,21.05,70.47,6.73,4.56,1491.55
2019-04-28,3071.93,74.98,18.99,69.21,6.76,4.64,1408.58
2019-05-05,3282.41,78.66,20.02,68.25,6.94,5.09,1360.04
2019-05-12,3229.21,62.53,19.79,70.56,6.78,4.93,1536.92
2019-05-19,2987.95,79.27,20.12,71.05,6.42,4.98,1460.53
2019-05-26,3043.33,59.27,19.05,69.92,6.53,4.56,1421.42
2019-06-02,2941.93,69.03,19.74,68.04,6.79,4.67,1453.76
2019-06-09,3024.93,80.02,18.1,70.74,7.03,5.81,1368.57
2019-06-16,3110.95,80.24,20.02,68.41,7.13,5.05,1400.62
2019-06-23,3195.52,72.11,20.38,70.41,6.92,4.9,1493.91
2019-06-30,3025.83,74.41,19.66,69.25,6.79,5.72,1509.49
2019-07-07,3037.02,84.85,18.15,69.01,6.9,5.37,1423.5
2019-07-14,2907.09,75.58,21.03,69.76,6.55,5.52,1492.79
2019-07-21,3090.16,89.19,20.36,70.06,6.67,5.32,1462.68
2019-07-28,3013.63,77.93,19.17,69.63,6.5,5.3,1453.92
2019-08-04,3066.05,79.91,19.68,70.9,6.39,5.39,1415.03
2019-08-11,3039.23,85.87,18.35,69.9,6.78,5.01,1396.36
2019-08-18,3114.12,78.33,18.89,71.36,6.74,5.5,1412.59
2019-08-25,2968.86,72.54,19.45,70.7,6.86,5.67,1456.25
2019-09-01,2999.47,76.85,21.41,69.75,6.83,6.25,1499.49
2019-09-08,3327.58,77.05,19.37,69.62,6.75,5.67,1489.43
2019-09-15,3024.54,70.21,20.79,68.87,6.82,4.85,1472.25
2019-09-22,3046.14,75.54,19.51,70.84,6.67,5.66,1349.63
2019-09-29,3314.63,72.87,20.4,70.23,6.78,6.67,1542.88
2019-10-06,3415.21,80.94,19.98,68.25,6.49,6.04,1522.03
2019-10-13,3052.76,76.22,21.12,70.12,6.76,5.47,1509.38
2019-10-20,3129.51,74.33,19.58,69.79,6.83,5.98,1462.25
2019-10-27,3197.85,74.9,18.46,72.3,6.49,5.52,1514.86
2019-11-03,3327.14,76.21,18.69,69.06,6.67,5.32,1453.89
2019-11-10,3087.19,77.82,19.64,69.36,6.5,5.67,1471.21
2019-11-17,3158.38,69.36,18.87,71.94,6.52,5.83,1516.73
2019-11-24,3254.87,68.76,20.71,72.22,6.37,5.14,1554.66
2019-12-01,3228.49,79.08,19.76,70.16,6.96,5.39,1427.53
2019-12-08,3159.96,71.07,22.9,70.3,6.91,5.79,1491.18
2019-12-15,3186.22,65.6,18.39,71.59,6.77,5.64,1445.15
2019-12-22,3078.97,74.45,20.55,68.68,7.13,5.91,1496.77
2019-12-29,3185.73,74.07,19.1,69.18,6.58,5.33,1434.87
2020-01-05,3187.64,63.61,19.81,70.79,7.39,5.98,1520.37
2020-01-12,3236.96,71.9,20.53,72.66,6.57,5.3,1533.1
2020-01-19,3170.54,73.91,17.83,70.71,6.69,6.26,1480.23
2020-01-26,3267.4,71.57,20.67,71.28,6.52,5.06,1512.36
2020-02-02,3320.56,72.31,22.52,72.35,6.71,5.25,1607.21
2020-02-09,3247.86,61.57,19.94,73.36,6.82,5.75,1557.33
2020-02-16,3269.98,69.68,20.74,70.71,6.58,6.15,1599.59
2020-02-23,3247.55,65.92,21.6,71.3,7.05,5.64,1497.28
2020-03-01,3247.23,64.43,20.31,73.18,6.66,5.69,1531.37
2020-03-08,3186.73,70.6,19.87,69.87,6.67,5.46,1513.46
2020-03-15,3284.6,73.03,18.02,72.45,6.37,5.05,1506.92
2020-03-22,3251.81,73.98,21.24,70.44,6.7,5.19,1532.99
2020-03-29,3453.41,70.96,20.43,71.59,6.56,4.89,1526.18
2020-04-05,3411.07,63.2,19.46,71.28,6.43,4.82,1544.01
2020-04-12,3308.65,64.87,20.73,70.6,6.39,5.36,1579.74
2020-04-19,3209.7,66.29,19.96,70.61,7.25,4.77,1457.91
2020-04-26,3182.71,62.41,20.04,71.91,6.51,5.23,1532.49
2020-05-03,3394.48,61.8,21.31,72.66,6.21,4.6,1629.73
2020-05-10,3315.37,64.61,19.18,71.57,6.39,5.11,1570.48
2020-05-17,3339.39,59.53,21.83,71.81,6.55,4.78,1615.15
2020-05-24,3143.61,55.52,19.15,72.34,6.7,5.39,1505.45
2020-05-31,3388.55,56.42,19.98,70.83,6.7,4.95,1534.4
2020-06-07,3350.42,61.0,22.84,72.58,6.72,5.22,1648.16
2020-06-14,3214.04,57.18,21.98,72.69,6.39,4.47,1584.62
2020-06-21,3275.99,58.2,20.86,74.51,6.63,4.69,1576.72
2020-06-28,3346.61,59.18,19.74,71.57,6.33,4.28,1483.43
2020-07-05,3332.05,53.3,20.21,71.52,6.39,4.42,1591.89
2020-07-12,3305.48,58.29,20.89,72.78,6.31,4.42,1525.78
2020-07-19,3326.92,55.75,20.86,72.87,6.24,4.21,1555.94
2020-07-26,3318.0,47.04,20.74,71.55,6.8,3.98,1555.28
2020-08-02,3358.86,59.78,20.82,71.72,6.7,3.86,1603.97
2020-08-09,3482.02,49.42,20.64,72.69,6.77,3.49,1547.1
2020-08-16,3123.03,43.02,19.3,71.36,6.53,3.89,1474.18
2020-08-23,3337.17,45.45,20.34,71.81,6.71,4.43,1540.4
2020-08-30,3378.82,44.95,21.93,72.35,6.07,3.61,1679.35
2020-09-06,3394.02,49.71,19.44,73.29,6.73,3.65,1424.28
2020-09-13,3338.36,47.48,20.75,71.72,6.55,4.72,1543.78
2020-09-20,3218.18,46.58,20.07,70.52,6.66,3.83,1609.05
2020-09-27,3410.26,50.78,21.11,70.48,6.6,4.13,1589.01
2020-10-04,3540.65,48.82,20.58,71.17,6.25,4.21,1550.76
2020-10-11,3251.59,48.15,22.65,71.15,6.12,4.18,1622.42
2020-10-18,3471.83,48.07,21.6,72.35,6.31,3.39,1605.45
2020-10-25,3368.97,48.58,19.61,71.35,6.63,3.82,1549.69
2020-11-01,3397.47,34.45,21.81,71.87,6.66,3.31,1677.48
2020-11-08,3312.68,42.66,20.24,71.83,6.14,4.71,1597.64
2020-11-15,3381.79,33.1,20.47,72.2,6.23,3.28,1569.03
2020-11-22,3533.35,43.71,21.47,74.0,6.29,3.46,1657.52
2020-11-29,3473.23,43.06,20.6,73.37,6.38,3.45,1565.11
2020-12-06,3581.15,47.87,22.14,72.76,6.13,3.28,1603.9
2020-12-13,3535.66,48.17,20.32,72.32,6.11,4.28,1535.2
2020-12-20,3473.66,42.84,20.51,72.38,6.26,4.65,1555.56
2020-12-27,3595.55,38.94,20.49,73.18,6.48,3.63,1577.46
2021-01-03,3482.56,43.5,20.6,73.47,6.16,3.34,1554.08
2021-01-10,3522.02,38.09,22.45,72.01,6.42,3.03,1653.57
2021-01-17,3425.26,40.4,21.95,72.99,6.71,3.74,1582.19
2021-01-24,3462.39,45.03,23.15,70.96,6.12,3.73,1549.94
2021-01-31,3398.08,37.02,23.79,73.23,6.39,3.63,1658.05
2021-02-07,3554.36,43.57,20.17,73.82,6.69,3.95,1572.86
2021-02-14,3363.7,42.68,21.4,72.81,6.33,4.04,1591.26
2021-02-21,3544.61,34.3,20.05,74.94,6.29,4.04,1680.09
2021-02-28,3461.49,43.74,20.5,72.28,6.72,3.84,1551.94
2021-03-07,3588.51,42.18,20.68,73.41,6.35,3.59,1643.19
2021-03-14,3555.13,39.03,20.23,73.2,6.7,4.25,1601.78
2021-03-21,3655.86,34.57,20.25,73.17,6.53,4.05,1624.16
2021-03-28,3562.22,33.97,21.27,73.19,6.33,4.4,1631.91
2021-04-04,3359.42,35.48,20.1,73.44,6.53,4.4,1591.08
2021-04-11,3499.33,40.8,22.38,74.22,6.49,3.67,1633.7
2021-04-18,3404.32,33.26,20.46,74.78,6.66,3.71,1610.93
2021-04-25,3467.61,40.2,24.58,73.44,6.26,3.99,1726.3
2021-05-02,3654.72,31.79,21.01,74.29,6.41,3.94,1631.36
2021-05-09,3580.54,36.99,21.6,72.81,6.38,4.62,1702.66
2021-05-16,3464.7,38.6,20.12,74.31,6.57,4.53,1622.6
2021-05-23,3440.82,50.33,23.43,72.82,6.13,4.84,1677.12
2021-05-30,3539.46,31.3,22.81,74.7,6.64,4.65,1723.7
2021-06-06,3431.47,45.65,21.92,75.86,6.5,4.64,1657.84
2021-06-13,3485.01,39.17,20.13,73.56,6.05,5.04,1601.11
2021-06-20,3577.94,40.62,21.86,71.53,6.68,4.84,1656.1
2021-06-27,3658.29,39.32,20.41,73.2,6.93,4.75,1601.81
2021-07-04,3613.55,41.14,23.27,75.02,6.62,5.3,1705.39
2021-07-11,3357.0,38.36,22.56,74.38,6.72,4.88,1617.62
2021-07-18,3595.06,46.63,21.8,74.11,6.38,4.79,1656.08
2021-07-25,3578.6,37.33,19.03,74.9,5.94,4.66,1637.28
2021-08-01,3613.81,45.55,20.64,74.41,5.89,5.25,1641.17
2021-08-08,3726.47,36.96,22.5,75.18,6.42,5.49,1837.07
2021-08-15,3399.77,40.19,23.09,74.92,6.2,5.09,1748.46
2021-08-22,3536.72,35.46,22.99,75.55,6.12,5.62,1805.47
2021-08-29,3647.55,43.45,20.04,74.42,6.33,4.53,1653.41
2021-09-05,3456.47,48.77,22.14,75.01,6.49,5.25,1736.24
2021-09-12,3736.1,41.54,22.94,73.83,5.97,5.3,1726.56
2021-09-19,3640.87,41.35,20.02,73.57,6.22,5.11,1548.69
2021-09-26,3688.36,37.19,21.85,75.91,6.71,6.24,1720.66
2021-10-03,3565.24,42.05,22.18,74.46,6.06,5.43,1733.05
2021-10-10,3694.31,35.69,21.56,75.08,6.54,5.35,1716.02
2021-10-17,3721.68,39.57,19.87,74.43,6.2,5.54,1673.49
2021-10-24,3650.93,45.75,21.57,73.76,6.45,4.87,1713.22
2021-10-31,3655.52,51.72,21.58,74.39,6.59,5.33,1679.55
2021-11-07,3663.2,59.68,21.8,75.85,6.49,5.98,1712.84
2021-11-14,3565.62,43.24,21.36,75.0,6.53,5.44,1641.92
2021-11-21,3634.5,53.89,21.5,72.77,6.01,5.4,1626.11
2021-11-28,3638.5,48.49,21.96,74.3,6.58,6.17,1757.34
2021-12-05,3691.18,47.08,22.51,76.33,6.08,6.2,1762.2
2021-12-12,3751.11,50.58,21.71,74.37,6.36,5.93,1682.5
2021-12-19,3570.31,49.32,21.61,72.82,6.35,5.61,1641.94
2021-12-26,3658.78,50.16,22.18,76.55,6.41,5.7,1695.27
2022-01-02,3807.81,48.18,19.98,75.37,6.37,5.51,1635.54
2022-01-09,3612.01,43.84,22.63,74.66,6.07,5.45,1686.24
2022-01-16,3609.38,43.74,22.12,74.39,5.94,5.43,1664.64
2022-01-23,3706.04,55.36,22.19,75.88,6.49,5.58,1696.05
2022-01-30,3768.28,51.35,23.22,74.29,6.31,5.43,1720.5
2022-02-06,3697.76,50.4,20.03,76.01,6.55,5.24,1675.67
2022-02-13,3820.79,54.07,20.02,75.44,6.25,5.86,1672.98
2022-02-20,3782.74,58.66,22.51,75.18,5.91,5.85,1743.87
2022-02-27,3785.85,56.25,22.22,75.11,6.5,6.35,1696.58
2022-03-06,3764.4,52.73,22.43,74.83,6.16,5.5,1719.78
2022-03-13,3928.47,62.81,21.75,76.08,6.33,5.82,1724.8
2022-03-20,3704.97,65.24,23.01,74.21,6.08,5.8,1737.98
2022-03-27,3547.57,60.48,23.32,73.49,6.65,5.58,1681.88
2022-04-03,3876.72,63.54,22.84,75.76,6.02,5.9,1785.35
2022-04-10,3695.59,65.55,22.04,75.81,6.15,5.88,1692.74
2022-04-17,3750.95,65.65,20.02,75.69,6.26,5.69,1655.66
2022-04-24,3863.55,63.74,23.2,75.66,5.96,5.44,1731.06
2022-05-01,3605.94,64.32,23.72,74.96,6.31,5.37,1650.53
2022-05-08,3641.94,64.58,23.1,76.1,6.62,4.98,1697.6
2022-05-15,3614.93,57.14,21.44,75.31,6.1,5.13,1688.91
2022-05-22,3692.02,66.78,23.17,74.9,6.31,5.15,1716.6
2022-05-29,3807.51,57.14,23.39,75.11,5.52,4.93,1774.16
2022-06-05,3819.57,60.58,24.17,77.48,6.2,5.43,1772.66
2022-06-12,3801.71,71.69,21.51,73.76,6.13,5.64,1628.12
2022-06-19,3654.14,69.99,22.24,76.03,6.0,4.85,1687.82
2022-06-26,3577.83,73.84,23.33,73.88,6.47,5.22,1676.99
2022-07-03,3795.09,65.65,22.59,75.49,6.11,4.7,1674.64
2022-07-10,3752.19,61.83,21.31,75.2,6.15,4.91,1697.61
2022-07-17,3840.44,66.97,23.02,73.58,6.09,4.72,1666.01
2022-07-24,3866.72,69.25,23.21,76.09,5.71,5.11,1720.69
2022-07-31,3820.44,69.69,22.69,75.35,5.9,4.61,1753.01
2022-08-07,3880.86,75.51,22.85,73.67,6.42,5.15,1708.87
2022-08-14,3837.53,68.57,22.34,76.64,5.65,4.65,1695.3
2022-08-21,3869.05,72.65,24.27,77.27,5.98,4.45,1762.54
2022-08-28,3762.38,66.45,21.67,77.36,6.07,4.19,1669.5
2022-09-04,3814.09,74.13,22.03,76.27,6.6,4.66,1554.51
2022-09-11,3852.41,72.37,22.7,75.99,6.35,4.83,1657.71
2022-09-18,3913.0,69.06,23.68,77.31,6.02,4.56,1746.5
2022-09-25,3808.17,72.07,21.08,77.69,6.48,5.2,1638.47
2022-10-02,3894.96,72.75,21.3,77.18,5.97,4.86,1680.8
2022-10-09,3828.58,72.72,20.52,75.14,6.4,4.21,1636.03
2022-10-16,3846.38,83.32,22.81,76.32,5.81,4.15,1662.89
2022-10-23,3936.06,74.34,21.56,76.59,6.41,4.38,1615.73
2022-10-30,3686.48,73.96,22.39,74.38,6.04,3.88,1645.01
2022-11-06,3753.62,65.03,23.55,76.69,5.88,4.54,1721.93
2022-11-13,3741.36,71.36,22.14,78.53,6.08,4.22,1669.36
2022-11-20,3669.18,74.8,23.11,76.93,6.2,4.14,1661.66
2022-11-27,3822.61,72.96,22.55,77.8,6.0,4.26,1770.28
2022-12-04,3955.56,83.55,23.63,76.54,6.26,4.59,1630.41
2022-12-11,3866.92,76.05,23.43,76.32,5.97,4.01,1689.1
2022-12-18,3914.81,83.53,22.17,76.81,6.27,3.89,1644.62
2022-12-25,3999.49,77.58,22.76,75.65,6.22,4.43,1663.27
2023-01-01,4025.4,77.63,24.11,75.54,6.09,4.22,1765.61
2023-01-08,3904.14,77.14,23.41,77.8,5.99,3.74,1736.93
2023-01-15,4036.63,77.73,21.46,77.94,6.14,3.84,1659.47
2023-01-22,3927.55,86.41,23.73,75.61,6.24,3.89,1671.71
2023-01-29,3848.35,66.29,21.83,77.61,6.61,3.94,1654.98
2023-02-05,3874.67,67.94,24.6,76.59,6.33,3.33,1728.72
2023-02-12,3799.37,75.27,24.19,77.05,6.33,3.26,1694.18
2023-02-19,3857.13,78.07,23.4,77.2,6.86,3.49,1656.23
2023-02-26,3909.29,81.44,23.27,77.77,6.21,3.46,1691.15
2023-03-05,4018.29,80.33,22.88,76.89,6.2,3.58,1708.56
2023-03-12,4105.29,75.99,23.87,78.26,6.25,4.03,1707.92
2023-03-19,3830.47,82.93,22.74,77.19,5.82,3.76,1631.35
2023-03-26,3994.67,82.89,23.42,77.54,5.96,3.91,1649.19
2023-04-02,3870.12,78.54,24.14,76.12,5.94,3.42,1736.61
2023-04-09,4010.94,82.29,22.58,79.14,6.22,3.71,1695.27
2023-04-16,3960.87,78.68,22.53,77.49,6.01,4.1,1707.43
2023-04-23,3812.34,74.32,21.91,77.77,6.09,4.13,1612.11
2023-04-30,4065.12,80.41,22.07,75.48,6.32,3.69,1713.15
2023-05-07,3931.57,77.25,21.25,76.3,6.26,4.03,1609.91
2023-05-14,3942.42,76.46,24.08,78.4,6.0,4.78,1768.05
2023-05-21,3898.65,83.55,25.28,77.48,5.87,4.04,1790.34
2023-05-28,3940.49,63.64,24.88,75.32,6.32,3.84,1725.41
2023-06-04,4042.33,68.5,21.54,78.3,6.23,4.06,1669.3
2023-06-11,3991.24,69.33,24.14,76.76,5.63,4.2,1778.18
2023-06-18,4042.31,73.1,24.92,78.75,5.95,4.16,1897.99
2023-06-25,4049.75,73.28,22.87,77.28,6.07,4.24,1732.85
2023-07-02,4140.49,66.63,23.51,77.61,6.22,3.8,1810.73
2023-07-09,3995.23,68.84,21.2,78.62,6.25,4.01,1714.53
2023-07-16,3897.61,69.04,23.72,76.58,6.09,4.35,1748.53
2023-07-23,4131.03,85.2,22.27,76.51,6.16,4.39,1648.52
2023-07-30,4009.6,81.47,23.68,77.35,6.02,4.31,1765.59
2023-08-06,4144.19,69.93,21.76,78.4,5.84,4.5,1674.93
2023-08-13,4082.83,69.69,24.09,76.28,5.94,4.63,1832.93
2023-08-20,4040.98,65.26,24.64,75.98,6.0,4.98,1808.33
2023-08-27,4088.62,60.95,22.67,78.51,5.99,4.69,1675.04
2023-09-03,4237.27,69.38,22.29,77.11,5.52,4.92,1754.15
2023-09-10,4253.06,64.43,21.19,77.36,5.89,4.64,1751.0
2023-09-17,4076.83,68.45,23.28,75.93,6.0,5.09,1750.88
2023-09-24,4089.45,60.3,22.95,77.14,5.91,5.08,1804.07
2023-10-01,4176.35,63.92,21.9,77.85,5.92,5.3,1729.63
2023-10-08,4007.83,67.88,24.13,78.82,6.1,5.3,1755.42
2023-10-15,4118.36,68.37,23.15,77.15,5.7,5.31,1781.11
2023-10-22,4090.51,68.02,22.48,79.62,5.56,5.12,1779.88
2023-10-29,4125.54,58.72,23.07,77.31,5.88,5.3,1785.18
2023-11-05,4026.74,68.97,24.87,77.35,6.15,5.63,1861.78
2023-11-12,3963.13,60.06,24.37,79.6,6.38,5.08,1781.95
2023-11-19,3924.07,66.59,23.58,78.31,6.15,5.14,1778.82
2023-11-26,4014.53,62.73,24.43,77.58,5.58,5.46,1835.21
2023-12-03,4078.26,55.25,22.48,78.01,5.89,5.59,1737.69
2023-12-10,4097.6,59.89,23.81,79.56,6.01,5.2,1778.76
2023-12-17,4302.79,62.64,23.96,79.7,5.99,5.5,1857.1
2023-12-24,4232.43,63.22,23.29,77.46,6.07,5.53,1877.09
2023-12-31,4050.76,58.79,24.31,78.26,5.71,4.82,1849.09
2024-01-07,4173.09,66.48,22.99,78.43,5.95,5.55,1735.56
2024-01-14,4109.61,63.2,24.42,77.39,6.03,5.6,1721.58
2024-01-21,4125.1,56.21,24.48,78.36,6.13,5.63,1879.17
2024-01-28,4171.83,60.58,20.69,78.45,5.72,6.21,1755.34
2024-02-04,4215.32,65.83,25.22,79.62,5.83,5.31,1918.71
2024-02-11,4133.51,65.3,20.58,79.72,5.24,5.46,1718.39
2024-02-18,4264.24,48.7,23.27,78.22,5.76,4.85,1854.37
2024-02-25,4070.17,49.55,25.09,78.37,5.78,5.61,1920.28
2024-03-03,4177.97,60.96,23.63,79.28,5.65,5.65,1830.41
2024-03-10,4415.64,47.59,22.38,78.07,5.94,5.62,1829.99
2024-03-17,4206.38,45.63,22.81,79.28,5.88,6.19,1861.37
2024-03-24,4319.74,49.18,25.16,78.64,5.33,6.1,1969.56
2024-03-31,4203.44,53.08,21.93,77.79,5.94,5.82,1795.85
2024-04-07,4251.92,49.85,25.3,77.84,5.66,5.66,1953.61
2024-04-14,4198.99,46.49,24.02,80.28,6.01,6.14,1881.59
2024-04-21,4193.22,45.77,22.78,78.71,5.56,5.76,1808.15
2024-04-28,4142.85,44.99,23.47,80.54,5.89,5.47,1937.42
2024-05-05,4256.18,43.57,23.01,78.42,5.8,5.14,1828.98
2024-05-12,4145.27,58.81,25.1,79.26,5.95,5.56,1860.68
2024-05-19,4286.26,48.33,24.97,81.4,5.9,5.96,1939.19
2024-05-26,4328.48,50.73,22.29,77.98,5.8,6.47,1849.81
2024-06-02,4268.25,43.31,23.75,77.17,5.48,5.66,1874.35
2024-06-09,4213.95,44.31,23.26,80.39,5.49,5.34,1879.91
2024-06-16,4285.02,41.16,25.65,78.32,5.71,5.16,1941.92
2024-06-23,4220.83,30.98,22.76,79.16,5.85,5.73,1887.78
2024-06-30,4337.26,36.87,26.03,78.63,5.7,4.88,1884.3
2024-07-07,4092.68,34.25,24.24,79.51,6.0,5.65,1967.22
2024-07-14,4231.76,31.61,23.02,78.33,5.77,5.7,1880.2
2024-07-21,4087.24,36.46,23.57,79.14,5.6,5.52,1902.83
2024-07-28,4136.31,48.65,23.45,79.8,5.76,5.25,1804.3
2024-08-04,4398.06,41.41,22.94,78.38,5.89,5.47,1857.57
2024-08-11,4360.33,47.71,24.47,78.72,5.91,5.29,1877.71
2024-08-18,4219.46,42.96,23.03,79.11,6.29,4.9,1883.29
2024-08-25,4153.44,44.48,22.0,78.06,5.65,5.77,1800.1
2024-09-01,4026.31,35.74,23.99,79.1,5.8,4.95,1897.07
2024-09-08,4248.65,42.57,22.45,79.68,5.92,5.29,1819.97
2024-09-15,4519.85,43.32,23.62,79.19,5.81,4.12,1868.55
2024-09-22,4345.61,36.53,23.46,79.36,5.68,5.35,1896.67
2024-09-29,4260.56,41.98,23.52,79.64,5.42,5.37,1941.24
2024-10-06,4357.23,41.8,26.7,79.04,5.67,4.81,1915.65
2024-10-13,4179.33,36.02,24.57,80.42,5.53,4.94,1878.42
2024-10-20,4297.51,32.99,24.8,81.2,5.36,4.88,1893.72
2024-10-27,4337.67,32.53,22.59,79.34,5.59,4.41,1829.56
2024-11-03,4325.42,38.75,23.84,80.32,5.53,4.77,1880.83
2024-11-10,4408.79,39.85,24.82,79.63,5.93,4.24,1860.93
2024-11-17,4373.09,34.16,23.47,80.27,5.93,4.26,1862.71
2024-11-24,4406.67,38.19,25.61,81.51,5.55,4.81,1913.38
2024-12-01,4289.02,40.87,23.31,80.49,5.71,4.71,1842.17
2024-12-08,4436.23,41.09,24.33,78.24,5.31,4.07,1951.01
2024-12-15,4506.48,45.76,24.02,80.5,5.64,4.01,1916.71
2024-12-22,4277.01,44.41,24.86,81.31,5.86,4.0,1909.19
2024-12-29,4288.88,33.07,23.99,79.89,5.97,4.44,1861.68
2025-01-05,4493.45,46.56,24.41,81.15,5.58,3.79,1859.74
2025-01-12,4360.46,35.58,24.47,79.49,6.02,4.22,1865.77
2025-01-19,4508.47,43.58,23.94,78.73,5.37,4.32,1905.81
2025-01-26,4346.75,38.83,25.3,80.4,5.44,3.99,1973.41
2025-02-02,4521.98,36.58,25.04,78.53,5.92,4.34,1970.83
2025-02-09,4407.31,29.78,24.7,80.08,6.16,3.85,1944.29
2025-02-16,4423.17,38.17,24.34,81.65,5.86,3.85,1890.72
2025-02-23,4545.21,31.45,25.71,78.48,5.72,3.56,1963.04
2025-03-02,4376.27,44.32,24.59,79.15,5.18,4.24,1906.05
2025-03-09,4328.58,47.33,24.52,79.43,5.22,3.59,1882.95
2025-03-16,4377.36,36.05,24.99,80.43,5.76,3.96,2003.92
2025-03-23,4462.89,41.84,26.76,80.17,5.63,3.8,1922.31
2025-03-30,4285.72,37.03,23.44,81.97,5.44,3.45,1873.17
2025-04-06,4488.46,37.86,25.78,81.56,5.73,3.59,2009.8
2025-04-13,4387.05,45.23,22.86,81.13,5.74,4.29,1809.93
2025-04-20,4543.29,41.54,25.2,80.82,5.94,3.87,1919.67
2025-04-27,4228.95,50.83,26.71,81.1,5.74,3.45,1912.64
2025-05-04,4378.1,40.14,25.53,79.88,6.01,3.91,1919.71
2025-05-11,4301.56,47.98,25.2,81.63,5.7,3.76,1855.22
2025-05-18,4383.43,43.92,24.41,79.7,5.67,5.03,1940.58
2025-05-25,4484.53,47.87,25.08,81.68,5.96,3.93,1948.8
2025-06-01,4450.56,42.14,24.79,82.07,5.44,3.72,1956.63
2025-06-08,4448.34,44.62,24.21,81.13,6.39,4.37,1862.29
2025-06-15,4461.26,44.8,24.78,80.77,5.77,3.25,1906.77
2025-06-22,4498.35,41.72,25.33,81.39,5.77,3.95,1920.38
2025-06-29,4393.72,49.75,24.29,78.16,5.81,4.64,1868.7
2025-07-06,4552.56,50.24,24.26,81.36,6.14,3.93,1970.3
2025-07-13,4553.03,50.52,23.67,80.98,5.87,3.4,1873.6
2025-07-20,4532.5,55.81,25.61,81.07,5.26,3.9,1906.42
2025-07-27,4552.38,55.96,25.8,81.87,6.01,4.59,1959.13
2025-08-03,4533.42,47.43,25.47,81.12,5.57,4.25,1912.06
2025-08-10,4694.35,51.78,26.29,80.09,5.68,3.87,1933.58
2025-08-17,4507.81,47.41,25.34,81.12,5.33,3.96,1917.49
2025-08-24,4492.46,51.27,25.69,81.37,5.78,4.05,1928.76
2025-08-31,4456.73,48.78,25.61,81.45,5.48,4.42,1993.81
2025-09-07,4436.09,60.52,25.2,81.53,5.67,4.81,1944.47
2025-09-14,4421.45,54.88,24.73,82.44,5.57,4.76,1946.99
2025-09-21,4457.91,52.62,27.77,80.35,6.12,4.61,1956.97
2025-09-28,4535.99,60.33,24.85,81.65,6.13,4.03,1875.89
2025-10-05,4576.89,44.17,24.63,82.8,5.64,4.09,1961.73
2025-10-12,4555.85,45.61,25.86,79.81,5.64,4.79,1956.06
2025-10-19,4486.8,60.32,25.67,81.76,5.53,4.19,1928.2
2025-10-26,4641.17,57.31,23.87,81.03,5.89,4.64,1914.97
2025-11-02,4631.15,58.93,26.66,81.27,5.53,4.88,1988.15
2025-11-09,4554.69,51.71,25.34,80.78,5.51,4.43,1960.54
2025-11-16,4514.74,58.89,24.24,81.55,5.85,4.53,1951.05
2025-11-23,4627.31,69.69,26.79,83.59,5.47,4.91,1994.81
2025-11-30,4599.32,64.46,26.18,80.52,5.59,5.17,2010.23
2025-12-07,4456.53,61.85,24.12,80.65,5.2,5.42,1931.85
2025-12-14,4585.19,59.46,27.48,80.55,5.77,5.31,1964.38
2025-12-21,4619.34,60.34,26.27,83.62,6.08,5.18,1951.74
2025-12-28,4519.24,52.31,25.55,81.46,5.77,4.94,1932.41
2026-01-04,4621.75,64.89,27.33,81.93,5.95,4.88,1968.93
2026-01-11,4478.18,68.46,25.77,81.59,5.37,5.13,1944.09
2026-01-18,4733.82,56.99,25.58,81.08,5.64,5.49,2013.49
2026-01-25,4730.33,62.18,24.9,81.83,5.34,5.51,2019.03
2026-02-01,4599.74,60.32,26.29,84.56,5.51,4.71,2013.78
2026-02-08,4659.62,61.88,26.19,83.52,5.76,5.21,1983.73
2026-02-15,4414.47,67.57,25.7,81.31,5.59,5.94,1875.16
2026-02-22,4531.74,57.47,24.83,82.85,5.21,5.59,1974.62
2026-03-01,4613.82,71.53,25.86,81.4,5.23,5.1,1963.13
2026-03-08,4548.22,72.79,25.65,80.49,5.21,6.45,1975.49
2026-03-15,4713.46,68.32,24.28,83.33,5.67,5.65,2017.83
2026-03-22,4833.37,57.71,24.14,83.5,6.06,5.82,2012.61
2026-03-29,4552.17,65.65,26.4,83.42,5.88,5.85,2022.0
2026-04-05,4587.15,77.31,22.93,81.94,5.07,5.6,1842.88
2026-04-12,4688.16,57.75,26.04,82.28,5.89,5.49,1981.76
2026-04-19,4816.42,70.38,25.3,83.23,5.77,6.51,1995.78
2026-04-26,4565.86,66.68,27.29,82.91,5.14,6.13,2020.33
2026-05-03,4702.73,77.05,25.32,82.16,5.45,6.08,1982.15
2026-05-10,4848.69,70.09,26.61,80.97,5.8,6.0,2027.48
2026-05-17,4540.56,75.9,25.46,82.73,5.66,5.45,1897.68
2026-05-24,4578.38,77.1,26.04,83.73,5.19,6.25,2037.57
2026-05-31,4660.0,83.83,26.74,81.49,5.67,5.5,1968.46
2026-06-07,4655.72,74.0,25.44,83.36,4.98,5.89,1928.62
2026-06-14,4780.16,77.23,27.06,83.09,5.45,5.21,2013.53
2026-06-21,4733.22,68.25,24.89,83.54,5.79,5.06,1960.28
2026-06-28,4556.18,81.93,26.32,83.7,5.51,5.87,2007.03
2026-07-05,4766.76,72.46,27.03,82.17,5.37,5.46,2012.12
2026-07-12,4672.85,73.72,26.76,81.28,5.72,5.02,2003.45
2026-07-19,4843.98,76.65,28.16,82.4,5.73,5.89,2065.43
2026-07-26,4677.24,69.17,25.22,83.86,5.81,6.41,1937.49
2026-08-02,4680.88,78.33,24.56,82.46,5.7,6.13,1881.72
2026-08-09,4791.33,82.2,25.0,82.34,5.75,5.52,1973.52
2026-08-16,4815.74,78.98,26.84,81.25,5.66,5.58,2038.83
2026-08-23,4791.86,69.71,26.68,84.86,5.54,5.85,2056.39
2026-08-30,4604.28,77.15,26.26,83.97,5.49,5.9,2042.2
2026-09-06,4808.85,81.57,24.93,83.95,5.41,5.34,1991.22
2026-09-13,4671.79,68.53,27.02,84.18,5.16,5.43,2065.65
2026-09-20,4790.51,72.6,24.85,83.82,5.22,5.48,1944.63
2026-09-27,4645.65,82.38,27.49,83.04,5.39,5.52,2070.83
2026-10-04,4818.4,79.35,29.37,83.15,5.51,5.23,2104.96
2026-10-11,4710.09,80.04,26.65,82.92,5.81,5.19,1961.65
2026-10-18,4671.7,87.23,26.91,86.02,5.44,5.66,1985.27
2026-10-25,4855.83,80.22,25.74,83.97,5.69,5.55,1992.47
2026-11-01,4817.78,81.08,24.31,82.99,5.71,5.24,1859.63
2026-11-08,4745.23,91.23,25.65,83.95,5.38,5.62,1980.37
2026-11-15,4935.54,76.48,25.13,82.51,5.58,4.83,1925.54
2026-11-22,4769.73,73.41,24.76,85.06,5.37,5.48,1986.83
2026-11-29,4816.73,79.36,28.26,82.93,5.76,5.05,2019.61
2026-12-06,4842.49,79.22,26.68,84.13,5.58,5.95,2017.33
2026-12-13,4766.97,74.18,26.82,84.73,5.12,4.33,1989.34
2026-12-20,4869.59,71.41,26.07,84.08,5.46,4.45,1992.51
2026-12-27,4783.63,87.87,26.24,83.83,5.83,4.78,2018.22
2027-01-03,4799.04,77.68,27.51,83.78,5.37,4.72,2076.14
2027-01-10,4963.18,72.08,26.43,83.74,5.52,5.21,2043.64
2027-01-17,4751.34,80.01,27.06,83.26,5.54,4.24,1982.41
2027-01-24,4632.29,74.54,26.28,83.42,5.14,4.74,2010.7
2027-01-31,4998.88,73.47,26.14,85.39,5.52,4.78,2065.6
2027-02-07,5087.78,77.17,24.98,83.83,5.05,4.57,1963.35
2027-02-14,4826.32,67.51,24.37,83.19,5.23,3.94,1934.98
2027-02-21,4692.93,75.32,26.28,83.49,5.66,4.72,1906.51
2027-02-28,4843.75,82.69,26.64,85.14,5.47,4.61,2039.29
2027-03-07,4850.39,75.01,25.18,84.75,5.3,4.35,2040.63
2027-03-14,4863.5,70.34,26.58,84.67,5.49,4.17,2015.31
2027-03-21,4784.84,69.21,26.69,83.89,5.36,4.14,1932.27
2027-03-28,4941.66,69.2,24.28,84.76,5.37,4.0,1974.75
2027-04-04,4941.16,69.48,25.66,83.57,5.53,4.22,1954.98
2027-04-11,4763.9,68.34,27.13,83.99,5.18,3.97,1999.04
2027-04-18,4965.78,74.28,27.12,85.26,5.37,3.63,2051.69
2027-04-25,5092.04,60.48,25.45,85.2,5.28,3.54,2031.13
2027-05-02,4927.23,72.9,26.91,83.38,4.96,3.62,2003.13
2027-05-09,4885.84,66.12,27.87,83.54,5.12,3.94,2039.75
2027-05-16,4907.87,69.32,27.62,84.54,5.74,3.83,2040.25
2027-05-23,4980.48,61.2,26.68,86.19,5.44,3.9,2041.38
2027-05-30,4773.79,72.88,26.28,82.58,5.01,3.99,1944.4
2027-06-06,4948.8,71.85,26.12,84.81,4.95,3.59,1999.21
2027-06-13,4903.31,69.8,27.35,83.19,5.31,4.32,2052.2
2027-06-20,5109.21,56.8,27.06,83.97,5.72,3.71,2056.37
2027-06-27,4931.68,67.89,27.56,84.27,5.28,3.65,1998.96
2027-07-04,5101.92,65.12,27.03,84.25,5.65,3.97,2087.97
2027-07-11,4856.92,54.43,27.8,84.17,5.41,3.17,1963.96
2027-07-18,5013.56,61.68,27.02,84.75,5.43,3.54,2035.27
2027-07-25,4993.91,62.97,27.8,84.24,4.98,4.18,2072.9
2027-08-01,4891.4,63.26,27.91,83.35,5.54,3.24,2045.05
2027-08-08,4990.03,60.71,26.08,85.62,5.22,4.26,2069.65
2027-08-15,5087.64,60.61,24.99,85.63,5.52,4.42,2061.72
2027-08-22,4953.82,65.86,28.7,85.76,5.1,3.78,2085.59
2027-08-29,4835.14,63.95,27.3,83.41,5.34,4.04,2057.93
2027-09-05,4990.28,42.82,25.15,85.28,5.38,4.36,2060.15
2027-09-12,4915.1,54.9,26.26,85.69,5.25,3.84,1989.34
2027-09-19,4969.95,55.0,27.91,84.02,5.39,4.34,2167.62
2027-09-26,4997.87,46.41,26.77,85.1,5.22,3.84,2039.21
2027-10-03,4856.16,54.98,26.54,85.01,5.12,3.95,2066.69
2027-10-10,4868.71,60.1,28.66,87.0,5.68,3.88,2117.42
2027-10-17,5061.95,47.77,25.98,87.12,5.54,4.32,2094.7
2027-10-24,4975.97,54.24,26.27,83.56,5.08,4.65,2048.41
2027-10-31,4796.64,47.34,27.4,87.76,5.41,4.23,2133.79
2027-11-07,5102.56,47.93,27.61,84.38,5.08,3.9,2070.64
2027-11-14,5060.88,58.05,27.74,86.31,4.96,4.01,2121.31
2027-11-21,4976.57,47.34,28.22,86.34,5.52,4.58,2125.97
2027-11-28,4926.76,51.75,27.45,84.4,4.83,5.14,2103.0
2027-12-05,5124.94,39.49,27.79,85.93,5.48,4.69,2182.02
2027-12-12,5085.61,57.57,26.98,85.36,5.18,4.47,2137.56
2027-12-19,5273.06,50.69,27.35,86.06,5.19,4.93,2151.28
2027-12-26,5100.89,46.2,27.42,85.77,5.34,4.63,2167.9
2028-01-02,5102.42,49.44,27.55,86.77,5.38,4.64,2146.18
2028-01-09,5056.95,38.97,28.18,85.68,5.03,4.49,2149.33
2028-01-16,5149.94,51.41,27.96,85.48,5.41,5.37,2155.35
2028-01-23,5137.13,43.36,27.41,86.77,5.26,4.05,2137.72
2028-01-30,5197.98,43.46,26.49,86.29,4.91,5.27,2136.74
2028-02-06,5042.86,41.54,27.47,86.48,5.18,4.88,2176.23
2028-02-13,5055.04,40.63,27.39,85.12,5.56,4.95,2149.29
2028-02-20,5055.56,46.55,27.65,84.77,5.63,5.74,2093.61
2028-02-27,5174.3,43.92,29.88,85.28,5.39,4.95,2174.6
2028-03-05,5242.43,45.48,26.89,85.27,4.91,5.01,2176.18
2028-03-12,5070.73,41.78,27.95,86.71,5.33,5.25,2155.37
2028-03-19,5078.25,44.01,28.67,86.93,5.41,5.49,2217.37
2028-03-26,5149.2,38.98,27.62,85.84,5.38,5.24,2208.03
2028-04-02,5103.26,51.88,30.1,87.46,5.39,4.89,2184.39
2028-04-09,5215.52,32.56,27.13,87.43,5.28,5.18,2151.06
2028-04-16,4931.62,46.4,27.92,86.34,5.17,5.97,2233.33
2028-04-23,5064.33,46.65,26.7,85.31,5.03,5.58,2152.97
2028-04-30,5072.77,35.28,27.21,87.74,4.71,5.75,2198.74
2028-05-07,4938.8,50.44,27.89,86.14,5.26,5.53,2119.39
2028-05-14,5065.36,44.05,28.56,86.36,5.22,5.42,2184.29
2028-05-21,5074.17,43.72,28.0,85.93,5.31,6.27,2157.32
2028-05-28,5142.89,38.82,29.05,85.41,4.83,5.64,2278.65
2028-06-04,5265.61,37.43,27.58,84.87,5.32,5.57,2171.27
2028-06-11,5147.83,37.33,27.33,87.01,5.67,6.13,2232.15
2028-06-18,5081.57,40.21,30.69,85.63,5.18,5.51,2261.95
2028-06-25,5173.66,45.17,28.17,89.5,5.14,5.57,2193.05
2028-07-02,5277.67,39.0,26.96,85.39,5.23,5.79,2174.24
2028-07-09,5099.85,33.48,27.0,85.26,5.65,5.79,2074.33
2028-07-16,5110.19,42.13,26.75,87.06,4.89,5.89,2177.06
2028-07-23,5246.86,42.61,28.83,88.11,5.19,6.53,2267.55
2028-07-30,5181.1,41.29,27.42,86.68,4.94,5.92,2237.39
2028-08-06,5263.77,41.78,27.97,87.22,5.0,4.96,2149.77
2028-08-13,5208.72,36.75,27.78,84.84,5.12,5.9,2253.56
2028-08-20,5277.54,33.55,28.67,86.04,5.46,5.79,2279.59
2028-08-27,5125.69,33.95,26.95,85.68,5.57,5.77,2215.85
2028-09-03,5222.21,30.24,26.72,84.9,5.23,5.83,2188.57
2028-09-10,5208.78,39.75,28.16,86.94,5.02,5.71,2268.46
2028-09-17,5122.77,38.31,28.59,84.62,5.74,5.68,2146.79
2028-09-24,5095.94,36.72,28.32,85.57,5.0,5.89,2249.83
2028-10-01,5302.82,24.35,27.08,86.39,4.96,5.46,2208.06
2028-10-08,5213.96,33.13,28.73,86.13,4.66,5.28,2203.4
2028-10-15,5157.99,45.22,27.18,87.4,5.45,6.64,2155.72
